"TemplateType=Sports","Version=1.1/1.0.14","This row for Amazon.com use only.  Do not modify or delete.",,,,,,,,,,,,"Offer Information - These attributes are required to make your item buyable for customers on the site",,,,,,,,,,,,,,,,,,,,,,"Sales Price information",,,"Item discovery information - These attributes have an effect on how customers can find your product on the site.",,,,,,,,,,,,,,,,,,,,,,,,,,,,,"Image Information - see Image Info tab for details.",,,,,,,,,,"Variation information",,,,"Information for all product types:",,"FBA - make use of these columns if you are participating in the ""Fulfillment by Amazon"" program",,,,,,,,"Other attributes for Golf",,,,,,,,,,,,,,,,,,,,,,,,,,,,,,,,,,,,,,,,,,,,,,,,"Other attributes for all SportingGoods categories",,,,,,,,,,,,,,,,,,,,"Product Dimensions",,,,,,,,,,,,"Price per unit",,"Battery Information",,,,,,,,,,,,,,,,,,,,"Common infrequently used attributes ",,,,
"SKU","ProductID","product-id-type","ProductName","ProductDescription","Manufacturer","ManufacturerPartNumber","BulletPoint1","BulletPoint2","BulletPoint3","BulletPoint4","BulletPoint5","ProductType","Brand","ItemPrice","Currency","ConditionType","ConditionNote","Quantity","MSRP","MAP","LaunchDate","ReleaseDate","RestockDate","LeadtimeToShip","ShippingWeight","ShippingWeightUnitOfMeasure","ProductTaxCode","Warranty","SellerWarrantyDescription","Prop65","CPSIAWarning1","CPSIAWarning2","CPSIAWarning3","CPSIAWarning4","CPSIAWarningDescription","SalesPrice","SaleStartDate","SaleEndDate","ItemType","UsedFor1","UsedFor2","UsedFor3","UsedFor4","UsedFor5","TargetAudience1","TargetAudience2","TargetAudience3","OtherItemAttributes1","OtherItemAttributes2","OtherItemAttributes3","OtherItemAttributes4","OtherItemAttributes5","SubjectContent1","SubjectContent2","SubjectContent3","SubjectContent4","SubjectContent5","SearchTerm1","SearchTerm2","SearchTerm3","SearchTerm4","SearchTerm5","PlatinumKeyword1","PlatinumKeyword2","PlatinumKeyword3","PlatinumKeyword4","PlatinumKeyword5","MainImageURL","SwatchImageURL","OtherImageURL1","OtherImageURL2","OtherImageURL3","OtherImageURL4","OtherImageURL5","OtherImageURL6","OtherImageURL7","OtherImageURL8","Parentage","ParentSKU","RelationshipType","VariationTheme","Color","ColorMap","FulfillmentCenterID","PackageHeight","PackageWidth","PackageLength","PackageLengthUnitOfMeasure","PackageWeight","PackageWeightUnitOfMeasure","MaxAggregateShipQuantity","GolfFlex","GolfLoft","GripSize","GripType","Hand","ShaftLength","ShaftLengthUnitOfMeasurement","ShaftMaterial","Wattage","EngineDisplacement","EngineDisplacementUnitOfMeasure","GripMaterialType","OperationMode","DisplayType","Resolution","ScreenSize","ScreenSizeUnitOfMeasure","PowerSource","MaximumUserWeight","MaximumUserWeightUnitOfMeasure","DisplayFeatures","UsageCapacity","UsageCapacityUnitOfMeasure","NumberOfLevels","WhatsInTheBox","CourseCapacity","AvailableCourses","ScreenColor","ThreadSize","LoadCapacity","LoadCapacityUnitOfMeasure","PositionAccuracy","Memory","MemoryUnitOfMeasure","DisplaySize","DisplaySizeUnitOfMeasure","Pixels","CompatibleDevices","MinimumWeightRecommendation","MinimumWeightRecommendationUnitOfMeasure","MaxWeightRecommendation","MaxWeightRecommendationUnitOfMeasure","CoverageArea","CoverageAreaUnitOfMeasure","PeakHeight","PeakHeightUnitOfMeasure","MaximumWeight","MaximumWeightUnitOfMeasure","Capability","ClosureType","Construction","CountryOfOrigin","Design","EventName","FabricType","SpecialFeatures","Functions","LegalDisclaimer","Material","PackageQuantity","Packaging","Season","SizeMap","SizeName","SkillLevel","Sport","StyleName","SpecificUsageForProduct","Diameter","DiameterUnitOfMeasurement","Height","HeightUnitOfMeasurement","Length","LengthUnitOfMeasurement","Width","WidthUnitOfMeasurement","ItemThickness","ItemThicknessUnitOfMeasurement","Weight","WeightUnitOfMeasurement","PPUCount","PPUCountType","AreBatteriesIncluded","AreBatteriesRequired","BatteryType1","BatteryType2","BatteryType3","NumberOfBatteries1","NumberOfBatteries2","NumberOfBatteries3","BatteryLife1","BatteryLife2","BatteryLife3","BatteryLifeUnitOfMeasure1","BatteryLifeUnitOfMeasure2","BatteryLifeUnitOfMeasure3","LithiumBatteryEnergyContent","LithiumBatteryPackaging","LithiumBatteryVoltage","LithiumBatteryWeight","NumberOfLithiumIonCells","NumberOfLithiumMetalCells","IsGiftMessageAvailable","IsGiftWrapAvailable","IsDiscontinuedByManufacturer","RegisteredParameter","UpdateDelete"
109017.09,31652150164,"UPC","Ogio Staff Cart Bag (White)","The white Ogio Staff Bag is a favorite among golf staff bags with many features.","Ogio",109017.09,"10"" oversized six-way top with individual full-length club dividers","Eight pockets (seven zippered), ZBP (Zipperless Ball Pocket), dual insulated hydration pockets, internal ""Isolation Chamber"" wet/dry pocket","Boot style design, lightweight exo-skeletal frame with tee holders","Three-point ergonomic molded handle, three-point single shoulder strap with containment system","Hook-and-loop attachment strip for glove/putter cover, full-length umbrella containment system",,"Ogio",199.88,"USD","New",,5,300,249.99,,,,,,,"A_GEN_NOTAX",,,,,,,,,,,,"golf-cart-bags","golf",,,,,"adults","men","seniors",,,,,,,,,,,,,,,,,,,,,,,,,,,,,,,,,,,"White",,,,,,,,,,,,,,,,,,,,,,,,,,,,,,,,,,,,,,,,,,,,,,,,,,,,,,,,,,,,,,,,,,,,,,,,,,,,,,,,,,,,,,,,,,,,,,,,,,,,,,,,,,,,,,,,,,,,
124004,,,"Ogio Sultan Cart Bag","The Ogio Sultan Cart Bag is a favorite among golf cart bags with many features.","Ogio",,"14-way Diamond UltraLite Performance top, easy-access top","Twelve pockets (nine zippered), ZBP (Zipperless Ball Pocket), weather resistant fleece-lined valuables pocket, large insulated cooler pocket, scorecard and pencil sleeve pockets","Gripping rubber-coated feet on base to prevent twisting","Custom ergonomic three-point handle","Lift Grip integrated trunk handle",,"Ogio",,,"New",,,,,,,,,,,"A_GEN_NOTAX",,,,,,,,,,,,"golf-cart-bags","golf",,,,,"adults","men","seniors",,,,,,,,,,,,,,,,,,,,,,,,,,,,,,,"Parent",,,"Color",,,,,,,,,,,,,,,,,,,,,,,,,,,,,,,,,,,,,,,,,,,,,,,,,,,,,,,,,,,,,,,,,,,,,,,,,,,,,,,,,,,,,,,,,,,,,,,,,,,,,,,,,,,,,,,,,,,,,
124004.058,31652150386,"UPC","Ogio Sultan Cart Bag (Grangler/Navy)",,"Ogio",124004.058,,,,,,,"Ogio",189.99,"USD","New",,5,230,199.99,,,,3,,,"A_GEN_NOTAX",,,,,,,,,,,,"golf-cart-bags","golf",,,,,"adults","men","seniors",,,,,,,,,,,,,,,,,,,,,,,,,,,,,,,"child",124004,"Variation","Color","Grangler/Navy",,,,,,,,,,,,,,,,,,,,,,,,,,,,,,,,,,,,,,,,,,,,,,,,,,,,,,,,,,,,,,,,,,,,,,,,,,,,,,,,,,,,,,,,,,,,,,,,,,,,,,,,,,,,,,,,,,,,
124004.667,31652150379,"UPC","Ogio Sultan Cart Bag (Griddle/Juice)",,"Ogio",124004.667,,,,,,,"Ogio",199.88,"USD","New",,1,230,199.99,,,,,,,"A_GEN_NOTAX",,,,,,,,,,,,"golf-cart-bags","golf",,,,,"adults","men","seniors",,,,,,,,,,,,,,,,,,,,,,,,,,,,,,,"child",124004,"Variation","Color","Griddle/Juice",,,,,,,,,,,,,,,,,,,,,,,,,,,,,,,,,,,,,,,,,,,,,,,,,,,,,,,,,,,,,,,,,,,,,,,,,,,,,,,,,,,,,,,,,,,,,,,,,,,,,,,,,,,,,,,,,,,,
124004.36,31652150362,"UPC","Ogio Sultan Cart Bag (Stealth)",,"Ogio",124004.36,,,,,,,"Ogio",199.99,"USD","New",,0,230,199.99,,,,,,,"A_GEN_NOTAX",,,,,,,,,,,,"golf-cart-bags","golf",,,,,"adults","men","seniors",,,,,,,,,,,,,,,,,,,,,,,,,,,,,,,"child",124004,"Variation","Color","Stealth",,,,,,,,,,,,,,,,,,,,,,,,,,,,,,,,,,,,,,,,,,,,,,,,,,,,,,,,,,,,,,,,,,,,,,,,,,,,,,,,,,,,,,,,,,,,,,,,,,,,,,,,,,,,,,,,,,,,
109021,,,"Ogio Syncro Cart Bag","The Ogio Syncro Cart Bag earned a Gold Award on the Golf Digest Hot List due to its multiple features.","Ogio",,"14-way Diamond UltraLite Performance Cart top with individual full-length club dividers","Ten pockets (eight zippered), ZBP (Zipperless Ball Pocket), fleece lined wallet and cell phone pockets, internal ""Isolation Chamber"" wet/dry pocket, easy access magnetic score card pocket","Glove/putter velcro attachment strip","Hoode rain hood system, rain cover, umbrella containment system","Lift Grip integrated trunk handle, glove/putter velcro attachment strip",,"Ogio",,,"New",,,,,,,,,,,"A_GEN_NOTAX",,,,,,,,,,,,"golf-cart-bags","golf",,,,,"adults","men","seniors",,,,,,,,,,,,,,,,,,,,,,,,,,,,,,,"Parent",,,"Color",,,,,,,,,,,,,,,,,,,,,,,,,,,,,,,,,,,,,,,,,,,,,,,,,,,,,,,,,,,,,,,,,,,,,,,,,,,,,,,,,,,,,,,,,,,,,,,,,,,,,,,,,,,,,,,,,,,,,
109021.668,31652148932,"UPC","Ogio Syncro Cart Bag (Griddle/Red)",,"Ogio",109021.668,,,,,,,"Ogio",169.99,"USD","New",,5,210,179.99,,,,3,,,"A_GEN_NOTAX",,,,,,,,,,,,"golf-cart-bags","golf",,,,,"adults","men","seniors",,,,,,,,,,,,,,,,,,,,,,,,,,,,,,,"child",109021,"Variation","Color","Griddle/Red",,,,,,,,,,,,,,,,,,,,,,,,,,,,,,,,,,,,,,,,,,,,,,,,,,,,,,,,,,,,,,,,,,,,,,,,,,,,,,,,,,,,,,,,,,,,,,,,,,,,,,,,,,,,,,,,,,,,
109021.354,31652149984,"UPC","Ogio Syncro Cart Bag (Persimmon Plaid)",,"Ogio",109021.354,,,,,,,"Ogio",169.99,"USD","New",,0,210,179.99,,,,,,,"A_GEN_NOTAX",,,,,,,,,,,,"golf-cart-bags","golf",,,,,"adults","men","seniors",,,,,,,,,,,,,,,,,,,,,,,,,,,,,,,"child",109021,"Variation","Color","Persimmon Plaid",,,,,,,,,,,,,,,,,,,,,,,,,,,,,,,,,,,,,,,,,,,,,,,,,,,,,,,,,,,,,,,,,,,,,,,,,,,,,,,,,,,,,,,,,,,,,,,,,,,,,,,,,,,,,,,,,,,,
109021.016,31652148949,"UPC","Ogio Syncro Cart Bag (Pinstripe/Juice)",,"Ogio",109021.016,,,,,,,"Ogio",169.88,"USD","New",,5,210,179.99,,,,,,,"A_GEN_NOTAX",,,,,,,,,,,,"golf-cart-bags","golf",,,,,"adults","men","seniors",,,,,,,,,,,,,,,,,,,,,,,,,,,,,,,"child",109021,"Variation","Color","Pinstripe/Juice",,,,,,,,,,,,,,,,,,,,,,,,,,,,,,,,,,,,,,,,,,,,,,,,,,,,,,,,,,,,,,,,,,,,,,,,,,,,,,,,,,,,,,,,,,,,,,,,,,,,,,,,,,,,,,,,,,,,
109021.36,31652148925,"UPC","Ogio Syncro Cart Bag (Stealth)",,"Ogio",109021.36,,,,,,,"Ogio",169.99,"USD","New",,5,210,179.99,,,,3,,,"A_GEN_NOTAX",,,,,,,,,,,,"golf-cart-bags","golf",,,,,"adults","men","seniors",,,,,,,,,,,,,,,,,,,,,,,,,,,,,,,"child",109021,"Variation","Color","Stealth",,,,,,,,,,,,,,,,,,,,,,,,,,,,,,,,,,,,,,,,,,,,,,,,,,,,,,,,,,,,,,,,,,,,,,,,,,,,,,,,,,,,,,,,,,,,,,,,,,,,,,,,,,,,,,,,,,,,
109021.091,31652148956,"UPC","Ogio Syncro Cart Bag (White/Lime)",,"Ogio",109021.091,,,,,,,"Ogio",169.99,"USD","New",,0,210,179.99,,,,,,,"A_GEN_NOTAX",,,,,,,,,,,,"golf-cart-bags","golf",,,,,"adults","men","seniors",,,,,,,,,,,,,,,,,,,,,,,,,,,,,,,"child",109021,"Variation","Color","White/Lime",,,,,,,,,,,,,,,,,,,,,,,,,,,,,,,,,,,,,,,,,,,,,,,,,,,,,,,,,,,,,,,,,,,,,,,,,,,,,,,,,,,,,,,,,,,,,,,,,,,,,,,,,,,,,,,,,,,,
124001,,,"Ogio Assassin Cart Bag",,"Ogio",,"14-way Diamond UltraLite Performance Cart top","Nine zippered pockets, two fleece lined valuables pockets with phone pouch, hydration pocket","New low profile OGIO Ball Silo","Deluxe padded shoulder strap, umbrella containment system","Lightweight hex rip-stop material",,"Ogio",,,"New",,,,,,,,,,,"A_GEN_NOTAX",,,,,,,,,,,,"golf-cart-bags","golf",,,,,"adults","men","seniors",,,,,,,,,,,,,,,,,,,,,,,,,,,,,,,"Parent",,,"Color",,,,,,,,,,,,,,,,,,,,,,,,,,,,,,,,,,,,,,,,,,,,,,,,,,,,,,,,,,,,,,,,,,,,,,,,,,,,,,,,,,,,,,,,,,,,,,,,,,,,,,,,,,,,,,,,,,,,,
124001.03,31652148611,"UPC","Ogio Assassin Cart Bag (Black)",,"Ogio",124001.03,,,,,,,"Ogio",159.88,"USD","New",,5,220,189.99,,,,,,,"A_GEN_NOTAX",,,,,,,,,,,,"golf-cart-bags","golf",,,,,"adults","men","seniors",,,,,,,,,,,,,,,,,,,,,,,,,,,,,,,"child",124001,"Variation","Color","Black",,,,,,,,,,,,,,,,,,,,,,,,,,,,,,,,,,,,,,,,,,,,,,,,,,,,,,,,,,,,,,,,,,,,,,,,,,,,,,,,,,,,,,,,,,,,,,,,,,,,,,,,,,,,,,,,,,,,
124001.206,31652147836,"UPC","Ogio Assassin Cart Bag (High Viz Yellow)",,"Ogio",124001.206,,,,,,,"Ogio",159.88,"USD","New",,5,220,189.99,,,,,,,"A_GEN_NOTAX",,,,,,,,,,,,"golf-cart-bags","golf",,,,,"adults","men","seniors",,,,,,,,,,,,,,,,,,,,,,,,,,,,,,,"child",124001,"Variation","Color","High Viz Yellow",,,,,,,,,,,,,,,,,,,,,,,,,,,,,,,,,,,,,,,,,,,,,,,,,,,,,,,,,,,,,,,,,,,,,,,,,,,,,,,,,,,,,,,,,,,,,,,,,,,,,,,,,,,,,,,,,,,,
124001.04,31652148642,"UPC","Ogio Assassin Cart Bag (Navy)",,"Ogio",124001.04,,,,,,,"Ogio",159.88,"USD","New",,5,220,189.99,,,,,,,"A_GEN_NOTAX",,,,,,,,,,,,"golf-cart-bags","golf",,,,,"adults","men","seniors",,,,,,,,,,,,,,,,,,,,,,,,,,,,,,,"child",124001,"Variation","Color","Navy",,,,,,,,,,,,,,,,,,,,,,,,,,,,,,,,,,,,,,,,,,,,,,,,,,,,,,,,,,,,,,,,,,,,,,,,,,,,,,,,,,,,,,,,,,,,,,,,,,,,,,,,,,,,,,,,,,,,
124001.02,31652148659,"UPC","Ogio Assassin Cart Bag (Red)",,"Ogio",124001.02,,,,,,,"Ogio",159.88,"USD","New",,5,220,189.99,,,,,,,"A_GEN_NOTAX",,,,,,,,,,,,"golf-cart-bags","golf",,,,,"adults","men","seniors",,,,,,,,,,,,,,,,,,,,,,,,,,,,,,,"child",124001,"Variation","Color","Red",,,,,,,,,,,,,,,,,,,,,,,,,,,,,,,,,,,,,,,,,,,,,,,,,,,,,,,,,,,,,,,,,,,,,,,,,,,,,,,,,,,,,,,,,,,,,,,,,,,,,,,,,,,,,,,,,,,,
124002,,,"Ogio Mantix Cart Bag",,"Ogio",,"14-way UltraLite Cart top","Seven zippered pockets, valuables pockets with phone pouch","Lightweight molded handle","Deluxe padded shoulder strap, umbrella holder, towel loop","Lightweight hex rip-stop material",,"Ogio",,,"New",,,,,,,,,,,"A_GEN_NOTAX",,,,,,,,,,,,"golf-cart-bags","golf",,,,,"adults","men","seniors",,,,,,,,,,,,,,,,,,,,,,,,,,,,,,,"Parent",,,"Color",,,,,,,,,,,,,,,,,,,,,,,,,,,,,,,,,,,,,,,,,,,,,,,,,,,,,,,,,,,,,,,,,,,,,,,,,,,,,,,,,,,,,,,,,,,,,,,,,,,,,,,,,,,,,,,,,,,,,
124002.03,31652149960,"UPC","Ogio Mantix Cart Bag (Black)",,"Ogio",124002.03,,,,,,,"Ogio",159.99,"USD","New",,5,185,159.99,,,,3,,,"A_GEN_NOTAX",,,,,,,,,,,,"golf-cart-bags","golf",,,,,"adults","men","seniors",,,,,,,,,,,,,,,,,,,,,,,,,,,,,,,"child",124002,"Variation","Color","Black",,,,,,,,,,,,,,,,,,,,,,,,,,,,,,,,,,,,,,,,,,,,,,,,,,,,,,,,,,,,,,,,,,,,,,,,,,,,,,,,,,,,,,,,,,,,,,,,,,,,,,,,,,,,,,,,,,,,
124002.206,31652149953,"UPC","Ogio Mantix Cart Bag (High Viz Yellow)",,"Ogio",124002.206,,,,,,,"Ogio",159.99,"USD","New",,5,185,159.99,,,,3,,,"A_GEN_NOTAX",,,,,,,,,,,,"golf-cart-bags","golf",,,,,"adults","men","seniors",,,,,,,,,,,,,,,,,,,,,,,,,,,,,,,"child",124002,"Variation","Color","High Viz Yellow",,,,,,,,,,,,,,,,,,,,,,,,,,,,,,,,,,,,,,,,,,,,,,,,,,,,,,,,,,,,,,,,,,,,,,,,,,,,,,,,,,,,,,,,,,,,,,,,,,,,,,,,,,,,,,,,,,,,
124002.32,31652147850,"UPC","Ogio Mantix Cart Bag (Lime)",,"Ogio",124002.32,,,,,,,"Ogio",159.99,"USD","New",,5,185,159.99,,,,3,,,"A_GEN_NOTAX",,,,,,,,,,,,"golf-cart-bags","golf",,,,,"adults","men","seniors",,,,,,,,,,,,,,,,,,,,,,,,,,,,,,,"child",124002,"Variation","Color","Lime",,,,,,,,,,,,,,,,,,,,,,,,,,,,,,,,,,,,,,,,,,,,,,,,,,,,,,,,,,,,,,,,,,,,,,,,,,,,,,,,,,,,,,,,,,,,,,,,,,,,,,,,,,,,,,,,,,,,
124002.04,31652149939,"UPC","Ogio Mantix Cart Bag (Navy)",,"Ogio",124002.04,,,,,,,"Ogio",159.99,"USD","New",,5,185,159.99,,,,3,,,"A_GEN_NOTAX",,,,,,,,,,,,"golf-cart-bags","golf",,,,,"adults","men","seniors",,,,,,,,,,,,,,,,,,,,,,,,,,,,,,,"child",124002,"Variation","Color","Navy",,,,,,,,,,,,,,,,,,,,,,,,,,,,,,,,,,,,,,,,,,,,,,,,,,,,,,,,,,,,,,,,,,,,,,,,,,,,,,,,,,,,,,,,,,,,,,,,,,,,,,,,,,,,,,,,,,,,
124002.02,31652147829,"UPC","Ogio Mantix Cart Bag (Red)",,"Ogio",124002.02,,,,,,,"Ogio",159.99,"USD","New",,0,185,159.99,,,,,,,"A_GEN_NOTAX",,,,,,,,,,,,"golf-cart-bags","golf",,,,,"adults","men","seniors",,,,,,,,,,,,,,,,,,,,,,,,,,,,,,,"child",124002,"Variation","Color","Red",,,,,,,,,,,,,,,,,,,,,,,,,,,,,,,,,,,,,,,,,,,,,,,,,,,,,,,,,,,,,,,,,,,,,,,,,,,,,,,,,,,,,,,,,,,,,,,,,,,,,,,,,,,,,,,,,,,,
124003,,,"Ogio Kingpin Cart Bag",,"Ogio",,"10"" 14-way top with individual full-length club dividers","11 pockets (10 zippered), insulated hydration pocket with leak port, removable fleece lined valuables pocket, internal cell phone pocket","Umbrella containment system, zippered rain hood","Elastic tee holder, elastic oversized towel loop","Lift Grip integrated trunk handle, glove/putter velcro attachment strip",,"Ogio",,,"New",,,,,,,,,,,"A_GEN_NOTAX",,,,,,,,,,,,"golf-cart-bags","golf",,,,,"adults","men","seniors",,,,,,,,,,,,,,,,,,,,,,,,,,,,,,,"Parent",,,"Color",,,,,,,,,,,,,,,,,,,,,,,,,,,,,,,,,,,,,,,,,,,,,,,,,,,,,,,,,,,,,,,,,,,,,,,,,,,,,,,,,,,,,,,,,,,,,,,,,,,,,,,,,,,,,,,,,,,,,
124003.058,31652150348,"UPC","Ogio Kingpin Cart Bag (Grangler/Navy)",,"Ogio",124003.058,,,,,,,"Ogio",149.99,"USD","New",,5,175,149.99,,,,3,,,"A_GEN_NOTAX",,,,,,,,,,,,"golf-cart-bags","golf",,,,,"adults","men","seniors",,,,,,,,,,,,,,,,,,,,,,,,,,,,,,,"child",124003,"Variation","Color","Grangler/Navy",,,,,,,,,,,,,,,,,,,,,,,,,,,,,,,,,,,,,,,,,,,,,,,,,,,,,,,,,,,,,,,,,,,,,,,,,,,,,,,,,,,,,,,,,,,,,,,,,,,,,,,,,,,,,,,,,,,,
124003.667,31652150331,"UPC","Ogio Kingpin Cart Bag (Griddle/Juice)",,"Ogio",124003.667,,,,,,,"Ogio",149.99,"USD","New",,5,175,149.99,,,,3,,,"A_GEN_NOTAX",,,,,,,,,,,,"golf-cart-bags","golf",,,,,"adults","men","seniors",,,,,,,,,,,,,,,,,,,,,,,,,,,,,,,"child",124003,"Variation","Color","Griddle/Juice",,,,,,,,,,,,,,,,,,,,,,,,,,,,,,,,,,,,,,,,,,,,,,,,,,,,,,,,,,,,,,,,,,,,,,,,,,,,,,,,,,,,,,,,,,,,,,,,,,,,,,,,,,,,,,,,,,,,
124003.39,31652150317,"UPC","Ogio Kingpin Cart Bag (Petrol)",,"Ogio",124003.39,,,,,,,"Ogio",149.99,"USD","New",,5,175,149.99,,,,3,,,"A_GEN_NOTAX",,,,,,,,,,,,"golf-cart-bags","golf",,,,,"adults","men","seniors",,,,,,,,,,,,,,,,,,,,,,,,,,,,,,,"child",124003,"Variation","Color","Petrol",,,,,,,,,,,,,,,,,,,,,,,,,,,,,,,,,,,,,,,,,,,,,,,,,,,,,,,,,,,,,,,,,,,,,,,,,,,,,,,,,,,,,,,,,,,,,,,,,,,,,,,,,,,,,,,,,,,,
124003.631,31652150324,"UPC","Ogio Kingpin Cart Bag (Pinstripe/Red)",,"Ogio",124003.631,,,,,,,"Ogio",149.99,"USD","New",,5,175,149.99,,,,3,,,"A_GEN_NOTAX",,,,,,,,,,,,"golf-cart-bags","golf",,,,,"adults","men","seniors",,,,,,,,,,,,,,,,,,,,,,,,,,,,,,,"child",124003,"Variation","Color","Pinstripe/Red",,,,,,,,,,,,,,,,,,,,,,,,,,,,,,,,,,,,,,,,,,,,,,,,,,,,,,,,,,,,,,,,,,,,,,,,,,,,,,,,,,,,,,,,,,,,,,,,,,,,,,,,,,,,,,,,,,,,
124003.091,31652150355,"UPC","Ogio Kingpin Cart Bag (White/Lime)",,"Ogio",124003.091,,,,,,,"Ogio",149.99,"USD","New",,5,175,149.99,,,,3,,,"A_GEN_NOTAX",,,,,,,,,,,,"golf-cart-bags","golf",,,,,"adults","men","seniors",,,,,,,,,,,,,,,,,,,,,,,,,,,,,,,"child",124003,"Variation","Color","White/Lime",,,,,,,,,,,,,,,,,,,,,,,,,,,,,,,,,,,,,,,,,,,,,,,,,,,,,,,,,,,,,,,,,,,,,,,,,,,,,,,,,,,,,,,,,,,,,,,,,,,,,,,,,,,,,,,,,,,,
110116,,,"Ogio Spry Cart Bag",,"Ogio",,"10"" 14-way top with individual full-length club dividers","Nine zippered pockets, easy access front pocket with fleece divider, two fleece lined valuables pockets, insulated cooler pockets","Tee cartridge golf tees holder","Integrated side handles","Lift Grip integrated trunk handle",,"Ogio",,,"New",,,,,,,,,,,"A_GEN_NOTAX",,,,,,,,,,,,"golf-cart-bags","golf",,,,,"adults","men","seniors",,,,,,,,,,,,,,,,,,,,,,,,,,,,,,,"Parent",,,"Color",,,,,,,,,,,,,,,,,,,,,,,,,,,,,,,,,,,,,,,,,,,,,,,,,,,,,,,,,,,,,,,,,,,,,,,,,,,,,,,,,,,,,,,,,,,,,,,,,,,,,,,,,,,,,,,,,,,,,
110116.668,31652148888,"UPC","Ogio Spry Cart Bag (Griddle/Red)",,"Ogio",110116.668,,,,,,,"Ogio",119.98,"USD","New",,5,150,129.99,,,,,,,"A_GEN_NOTAX",,,,,,,,,,,,"golf-cart-bags","golf",,,,,"adults","men","seniors",,,,,,,,,,,,,,,,,,,,,,,,,,,,,,,"child",110116,"Variation","Color","Griddle/Red",,,,,,,,,,,,,,,,,,,,,,,,,,,,,,,,,,,,,,,,,,,,,,,,,,,,,,,,,,,,,,,,,,,,,,,,,,,,,,,,,,,,,,,,,,,,,,,,,,,,,,,,,,,,,,,,,,,,
110116.222,31652148918,"UPC","Ogio Spry Cart Bag (Onslaught Steel)",,"Ogio",110116.222,,,,,,,"Ogio",119.98,"USD","New",,5,150,129.99,,,,,,,"A_GEN_NOTAX",,,,,,,,,,,,"golf-cart-bags","golf",,,,,"adults","men","seniors",,,,,,,,,,,,,,,,,,,,,,,,,,,,,,,"child",110116,"Variation","Color","Onslaught Steel",,,,,,,,,,,,,,,,,,,,,,,,,,,,,,,,,,,,,,,,,,,,,,,,,,,,,,,,,,,,,,,,,,,,,,,,,,,,,,,,,,,,,,,,,,,,,,,,,,,,,,,,,,,,,,,,,,,,
110116.629,31652148901,"UPC","Ogio Spry Cart Bag (Pinstripe/Navy)",,"Ogio",110116.629,,,,,,,"Ogio",119.99,"USD","New",,5,150,129.99,,,,3,,,"A_GEN_NOTAX",,,,,,,,,,,,"golf-cart-bags","golf",,,,,"adults","men","seniors",,,,,,,,,,,,,,,,,,,,,,,,,,,,,,,"child",110116,"Variation","Color","Pinstripe/Navy",,,,,,,,,,,,,,,,,,,,,,,,,,,,,,,,,,,,,,,,,,,,,,,,,,,,,,,,,,,,,,,,,,,,,,,,,,,,,,,,,,,,,,,,,,,,,,,,,,,,,,,,,,,,,,,,,,,,
110116.617,31652147904,"UPC","Ogio Spry Cart Bag (Prizmata)",,"Ogio",110116.617,,,,,,,"Ogio",129.99,"USD","New",,0,150,129.99,,,,,,,"A_GEN_NOTAX",,,,,,,,,,,,"golf-cart-bags","golf",,,,,"adults","men","seniors",,,,,,,,,,,,,,,,,,,,,,,,,,,,,,,"child",110116,"Variation","Color","Prizmata",,,,,,,,,,,,,,,,,,,,,,,,,,,,,,,,,,,,,,,,,,,,,,,,,,,,,,,,,,,,,,,,,,,,,,,,,,,,,,,,,,,,,,,,,,,,,,,,,,,,,,,,,,,,,,,,,,,,
110116.36,31652148895,"UPC","Ogio Spry Cart Bag (Stealth)",,"Ogio",110116.36,,,,,,,"Ogio",119.99,"USD","New",,5,150,129.99,,,,3,,,"A_GEN_NOTAX",,,,,,,,,,,,"golf-cart-bags","golf",,,,,"adults","men","seniors",,,,,,,,,,,,,,,,,,,,,,,,,,,,,,,"child",110116,"Variation","Color","Stealth",,,,,,,,,,,,,,,,,,,,,,,,,,,,,,,,,,,,,,,,,,,,,,,,,,,,,,,,,,,,,,,,,,,,,,,,,,,,,,,,,,,,,,,,,,,,,,,,,,,,,,,,,,,,,,,,,,,,
109011,,,"Ogio Edge Hybrid Bag",,"Ogio",,"9"" Woode top with molded TPR shaft dividers","Nine pockets (five zippered), ZBP (Zipperless Ball Pocket), New low-profile OGIO Ball Silo, weather-resistant fleece lined valuables pocket, walking accessible hydration pocket","Cross Bow shoulder strap system, TORQ Strap, deluxe hip pad","3-point molded handle","Lift Grip integrated trunk handle, hoode rain hood system",,"Ogio",,,"New",,,,,,,,,,,"A_GEN_NOTAX",,,,,,,,,,,,"golf-carry-bags","golf",,,,,"adults","men","seniors",,,,,,,,,,,,,,,,,,,,,,,,,,,,,,,"Parent",,,"Color",,,,,,,,,,,,,,,,,,,,,,,,,,,,,,,,,,,,,,,,,,,,,,,,,,,,,,,,,,,,,,,,,,,,,,,,,,,,,,,,,,,,,,,,,,,,,,,,,,,,,,,,,,,,,,,,,,,,,
109011.667,31652147911,"UPC","Ogio Edge Hybrid Bag (Griddle/Juice)",,"Ogio",109011.667,,,,,,,"Ogio",199.99,"USD","New",,0,230,199.99,,,,,,,"A_GEN_NOTAX",,,,,,,,,,,,"golf-carry-bags","golf",,,,,"adults","men","seniors",,,,,,,,,,,,,,,,,,,,,,,,,,,,,,,"child",109011,"Variation","Color","Griddle/Juice",,,,,,,,,,,,,,,,,,,,,,,,,,,,,,,,,,,,,,,,,,,,,,,,,,,,,,,,,,,,,,,,,,,,,,,,,,,,,,,,,,,,,,,,,,,,,,,,,,,,,,,,,,,,,,,,,,,,
109011.631,31652149007,"UPC","Ogio Edge Hybrid Bag (Pinstripe/Red)",,"Ogio",109011.631,,,,,,,"Ogio",199.99,"USD","New",,0,230,199.99,,,,,,,"A_GEN_NOTAX",,,,,,,,,,,,"golf-carry-bags","golf",,,,,"adults","men","seniors",,,,,,,,,,,,,,,,,,,,,,,,,,,,,,,"child",109011,"Variation","Color","Pinstripe/Red",,,,,,,,,,,,,,,,,,,,,,,,,,,,,,,,,,,,,,,,,,,,,,,,,,,,,,,,,,,,,,,,,,,,,,,,,,,,,,,,,,,,,,,,,,,,,,,,,,,,,,,,,,,,,,,,,,,,
109011.36,31652149014,"UPC","Ogio Edge Hybrid Bag (Stealth)",,"Ogio",109011.36,,,,,,,"Ogio",199.99,"USD","New",,2,230,199.99,,,,3,,,"A_GEN_NOTAX",,,,,,,,,,,,"golf-carry-bags","golf",,,,,"adults","men","seniors",,,,,,,,,,,,,,,,,,,,,,,,,,,,,,,"child",109011,"Variation","Color","Stealth",,,,,,,,,,,,,,,,,,,,,,,,,,,,,,,,,,,,,,,,,,,,,,,,,,,,,,,,,,,,,,,,,,,,,,,,,,,,,,,,,,,,,,,,,,,,,,,,,,,,,,,,,,,,,,,,,,,,
125005,,,"Ogio Grom Stand Bag ",,"Ogio",,"14-way Diamond performance stand top, ArcLite stand system","Embroidery friendly ZBP (Zipperless Ball Pocket), new low-profile OGIO Ball Silo, weatherproof fleece lined valuable pocket","Triple Triangle shoulder strap system, TORQ Strap, custom hip pad with airflow system","Walking accessible water bottle holster","Lift Grip integrated trunk handle",,"Ogio",,,"New",,,,,,,,,,,"A_GEN_NOTAX",,,,,,,,,,,,"golf-carry-bags","golf",,,,,"adults","men","seniors",,,,,,,,,,,,,,,,,,,,,,,,,,,,,,,"Parent",,,"Color",,,,,,,,,,,,,,,,,,,,,,,,,,,,,,,,,,,,,,,,,,,,,,,,,,,,,,,,,,,,,,,,,,,,,,,,,,,,,,,,,,,,,,,,,,,,,,,,,,,,,,,,,,,,,,,,,,,,,
125005.36,31652150454,"UPC","Ogio Grom Stand Bag (Stealth)",,"Ogio",125005.36,,,,,,,"Ogio",179.88,"USD","New",,5,220,189.99,,,,,,,"A_GEN_NOTAX",,,,,,,,,,,,"golf-carry-bags","golf",,,,,"adults","men","seniors",,,,,,,,,,,"stand bag",,,,,,,,,,,,,,,,,,,,"child",125005,"Variation","Color","Stealth",,,,,,,,,,,,,,,,,,,,,,,,,,,,,,,,,,,,,,,,,,,,,,,,,,,,,,,,,,,,,,,,,,,,,,,,,,,,,,,,,,,,,,,,,,,,,,,,,,,,,,,,,,,,,,,,,,,,
125005.058,31652150461,"UPC","Ogio Grom Stand Bag (Grangler/Navy)",,"Ogio",125005.058,,,,,,,"Ogio",179.99,"USD","New",,5,220,189.99,,,,3,,,"A_GEN_NOTAX",,,,,,,,,,,,"golf-carry-bags","golf",,,,,"adults","men","seniors",,,,,,,,,,,"stand bag",,,,,,,,,,,,,,,,,,,,"child",125005,"Variation","Color","Grangler/Navy",,,,,,,,,,,,,,,,,,,,,,,,,,,,,,,,,,,,,,,,,,,,,,,,,,,,,,,,,,,,,,,,,,,,,,,,,,,,,,,,,,,,,,,,,,,,,,,,,,,,,,,,,,,,,,,,,,,,
125005.637,31652150478,"UPC","Ogio Grom Stand Bag (Prizmata/Black)",,"Ogio",125005.637,,,,,,,"Ogio",189.88,"USD","New",,1,220,189.99,,,,,,,"A_GEN_NOTAX",,,,,,,,,,,,"golf-carry-bags","golf",,,,,"adults","men","seniors",,,,,,,,,,,"stand bag",,,,,,,,,,,,,,,,,,,,"child",125005,"Variation","Color","Prizmata Black",,,,,,,,,,,,,,,,,,,,,,,,,,,,,,,,,,,,,,,,,,,,,,,,,,,,,,,,,,,,,,,,,,,,,,,,,,,,,,,,,,,,,,,,,,,,,,,,,,,,,,,,,,,,,,,,,,,,
125002,,,"Ogio Velocity Stand Bag",,"Ogio",,"9"" Woode 7-way UltraLite Performance top","Eight pockets (seven zippered), fleece lined valuables pocket, hydration pocket","O-Shox suspension strap system, AFS air flow system tech shoulder straps","Deluxe hip pad","Lightweight hex rip stop material",,"Ogio",,,"New",,,,,,,,,,,"A_GEN_NOTAX",,,,,,,,,,,,"golf-carry-bags","golf",,,,,"adults","men","seniors",,,,,,,,,,,,,,,,,,,,,,,,,,,,,,,"Parent",,,"Color",,,,,,,,,,,,,,,,,,,,,,,,,,,,,,,,,,,,,,,,,,,,,,,,,,,,,,,,,,,,,,,,,,,,,,,,,,,,,,,,,,,,,,,,,,,,,,,,,,,,,,,,,,,,,,,,,,,,,
125002.404,31652148741,"UPC","Ogio Velocity Stand Bag (Clear Sport)",,"Ogio",125002.404,,,,,,,"Ogio",169.99,"USD","New",,5,195,169.99,,,,3,,,"A_GEN_NOTAX",,,,,,,,,,,,"golf-carry-bags","golf",,,,,"adults","men","seniors",,,,,,,,,,,"stand bag",,,,,,,,,,,,,,,,,,,,"child",125002,"Variation","Color","Clear Sport",,,,,,,,,,,,,,,,,,,,,,,,,,,,,,,,,,,,,,,,,,,,,,,,,,,,,,,,,,,,,,,,,,,,,,,,,,,,,,,,,,,,,,,,,,,,,,,,,,,,,,,,,,,,,,,,,,,,
125002.206,31652148758,"UPC","Ogio Velocity Stand Bag (High Viz Yellow)",,"Ogio",125002.206,,,,,,,"Ogio",169.99,"USD","New",,5,195,169.99,,,,3,,,"A_GEN_NOTAX",,,,,,,,,,,,"golf-carry-bags","golf",,,,,"adults","men","seniors",,,,,,,,,,,"stand bag",,,,,,,,,,,,,,,,,,,,"child",125002,"Variation","Color","High Viz Yellow",,,,,,,,,,,,,,,,,,,,,,,,,,,,,,,,,,,,,,,,,,,,,,,,,,,,,,,,,,,,,,,,,,,,,,,,,,,,,,,,,,,,,,,,,,,,,,,,,,,,,,,,,,,,,,,,,,,,
125002.0284,31652148765,"UPC","Ogio Velocity Stand Bag (Hot Pink)",,"Ogio",125002.0284,,,,,,,"Ogio",169.99,"USD","New",,0,195,169.99,,,,,,,"A_GEN_NOTAX",,,,,,,,,,,,"golf-carry-bags","golf",,,,,"adults","men","seniors",,,,,,,,,,,"stand bag",,,,,,,,,,,,,,,,,,,,"child",125002,"Variation","Color","Hot Pink",,,,,,,,,,,,,,,,,,,,,,,,,,,,,,,,,,,,,,,,,,,,,,,,,,,,,,,,,,,,,,,,,,,,,,,,,,,,,,,,,,,,,,,,,,,,,,,,,,,,,,,,,,,,,,,,,,,,
125002.32,31652148772,"UPC","Ogio Velocity Stand Bag (Lime)",,"Ogio",125002.32,,,,,,,"Ogio",169.99,"USD","New",,0,195,169.99,,,,,,,"A_GEN_NOTAX",,,,,,,,,,,,"golf-carry-bags","golf",,,,,"adults","men","seniors",,,,,,,,,,,"stand bag",,,,,,,,,,,,,,,,,,,,"child",125002,"Variation","Color","Lime",,,,,,,,,,,,,,,,,,,,,,,,,,,,,,,,,,,,,,,,,,,,,,,,,,,,,,,,,,,,,,,,,,,,,,,,,,,,,,,,,,,,,,,,,,,,,,,,,,,,,,,,,,,,,,,,,,,,
125002.04,31652148789,"UPC","Ogio Velocity Stand Bag (Navy)",,"Ogio",125002.04,,,,,,,"Ogio",169.99,"USD","New",,5,195,169.99,,,,3,,,"A_GEN_NOTAX",,,,,,,,,,,,"golf-carry-bags","golf",,,,,"adults","men","seniors",,,,,,,,,,,"stand bag",,,,,,,,,,,,,,,,,,,,"child",125002,"Variation","Color","Navy",,,,,,,,,,,,,,,,,,,,,,,,,,,,,,,,,,,,,,,,,,,,,,,,,,,,,,,,,,,,,,,,,,,,,,,,,,,,,,,,,,,,,,,,,,,,,,,,,,,,,,,,,,,,,,,,,,,,
125002.02,31652148291,"UPC","Ogio Velocity Stand Bag (Red)",,"Ogio",125002.02,,,,,,,"Ogio",169.99,"USD","New",,5,195,169.99,,,,3,,,"A_GEN_NOTAX",,,,,,,,,,,,"golf-carry-bags","golf",,,,,"adults","men","seniors",,,,,,,,,,,"stand bag",,,,,,,,,,,,,,,,,,,,"child",125002,"Variation","Color","Red",,,,,,,,,,,,,,,,,,,,,,,,,,,,,,,,,,,,,,,,,,,,,,,,,,,,,,,,,,,,,,,,,,,,,,,,,,,,,,,,,,,,,,,,,,,,,,,,,,,,,,,,,,,,,,,,,,,,
125004,,,"Ogio Ozone Stand Bag","The Ogio Ozone Stand Bag earned a Gold Award on the Golf Digest Hot List due to its multiple features.","Ogio",,"9"" Woode 4.0 top with integrated top grab handle and full-length club dividers","Seven zippered pockets, new low-profile OGIO Ball Silo, weather resistant fleece lined valuables pocket, walking accessible water bottle holster","Glove/putter velcro attachment strip","Walking accessible water bottle holster","Webbing trunk handle",,"Ogio",,,"New",,,,,,,,,,,"A_GEN_NOTAX",,,,,,,,,,,,"golf-carry-bags","golf",,,,,"adults","men","seniors",,,,,,,,,,,,,,,,,,,,,,,,,,,,,,,"Parent",,,"Color",,,,,,,,,,,,,,,,,,,,,,,,,,,,,,,,,,,,,,,,,,,,,,,,,,,,,,,,,,,,,,,,,,,,,,,,,,,,,,,,,,,,,,,,,,,,,,,,,,,,,,,,,,,,,,,,,,,,,
125004.667,31652150430,"UPC","Ogio Ozone Stand Bag (Griddle/Juice)",,"Ogio",125004.667,,,,,,,"Ogio",149.88,"USD","New",,1,170,149.99,,,,,,,"A_GEN_NOTAX",,,,,,,,,,,,"golf-carry-bags","golf",,,,,"adults","men","seniors",,,,,,,,,,,"stand bag",,,,,,,,,,,,,,,,,,,,"child",125004,"Variation","Color","Griddle/Juice",,,,,,,,,,,,,,,,,,,,,,,,,,,,,,,,,,,,,,,,,,,,,,,,,,,,,,,,,,,,,,,,,,,,,,,,,,,,,,,,,,,,,,,,,,,,,,,,,,,,,,,,,,,,,,,,,,,,
125004.222,31652150423,"UPC","Ogio Ozone Stand Bag (Onslaught Steel)",,"Ogio",125004.222,,,,,,,"Ogio",139.88,"USD","New",,5,170,149.99,,,,,,,"A_GEN_NOTAX",,,,,,,,,,,,"golf-carry-bags","golf",,,,,"adults","men","seniors",,,,,,,,,,,"stand bag",,,,,,,,,,,,,,,,,,,,"child",125004,"Variation","Color","Onslaught Steel",,,,,,,,,,,,,,,,,,,,,,,,,,,,,,,,,,,,,,,,,,,,,,,,,,,,,,,,,,,,,,,,,,,,,,,,,,,,,,,,,,,,,,,,,,,,,,,,,,,,,,,,,,,,,,,,,,,,
125004.617,31652150447,"UPC","Ogio Ozone Stand Bag (Prizmata)",,"Ogio",125004.617,,,,,,,"Ogio",139.88,"USD","New",,5,170,149.99,,,,,,,"A_GEN_NOTAX",,,,,,,,,,,,"golf-carry-bags","golf",,,,,"adults","men","seniors",,,,,,,,,,,"stand bag",,,,,,,,,,,,,,,,,,,,"child",125004,"Variation","Color","Prizmata",,,,,,,,,,,,,,,,,,,,,,,,,,,,,,,,,,,,,,,,,,,,,,,,,,,,,,,,,,,,,,,,,,,,,,,,,,,,,,,,,,,,,,,,,,,,,,,,,,,,,,,,,,,,,,,,,,,,
125004.36,31652150416,"UPC","Ogio Ozone Stand Bag (Stealth)",,"Ogio",125004.36,,,,,,,"Ogio",149.99,"USD","New",,5,170,149.99,,,,3,,,"A_GEN_NOTAX",,,,,,,,,,,,"golf-carry-bags","golf",,,,,"adults","men","seniors",,,,,,,,,,,"stand bag",,,,,,,,,,,,,,,,,,,,"child",125004,"Variation","Color","Stealth",,,,,,,,,,,,,,,,,,,,,,,,,,,,,,,,,,,,,,,,,,,,,,,,,,,,,,,,,,,,,,,,,,,,,,,,,,,,,,,,,,,,,,,,,,,,,,,,,,,,,,,,,,,,,,,,,,,,
125001,,,"Ogio Helios Stand Bag",,"Ogio",,"9"" 6-way UltraLite Performance top","Six pockets (Five zippered), fleece lined valuables pocket, hydration pocket","O-Shox suspension strap system, AFS air flow system tech shoulder straps","Air-mesh hip pad","Lightweight hex rip stop material",,"Ogio",,,"New",,,,,,,,,,,"A_GEN_NOTAX",,,,,,,,,,,,"golf-carry-bags","golf",,,,,"adults","men","seniors",,,,,,,,,,,,,,,,,,,,,,,,,,,,,,,"Parent",,,"Color",,,,,,,,,,,,,,,,,,,,,,,,,,,,,,,,,,,,,,,,,,,,,,,,,,,,,,,,,,,,,,,,,,,,,,,,,,,,,,,,,,,,,,,,,,,,,,,,,,,,,,,,,,,,,,,,,,,,,
125001.404,31652147799,"UPC","Ogio Helios Stand Bag (Clear Sport)",,"Ogio",125001.404,,,,,,,"Ogio",129.88,"USD","New",,5,160,139.99,,,,,,,"A_GEN_NOTAX",,,,,,,,,,,,"golf-carry-bags","golf",,,,,"adults","men","seniors",,,,,,,,,,,"stand bag",,,,,,,,,,,,,,,,,,,,"child",125001,"Variation","Color","Clear Sport",,,,,,,,,,,,,,,,,,,,,,,,,,,,,,,,,,,,,,,,,,,,,,,,,,,,,,,,,,,,,,,,,,,,,,,,,,,,,,,,,,,,,,,,,,,,,,,,,,,,,,,,,,,,,,,,,,,,
125001.206,31652148697,"UPC","Ogio Helios Stand Bag (High Viz Yellow)",,"Ogio",125001.206,,,,,,,"Ogio",129.99,"USD","New",,5,160,139.99,,,,3,,,"A_GEN_NOTAX",,,,,,,,,,,,"golf-carry-bags","golf",,,,,"adults","men","seniors",,,,,,,,,,,"stand bag",,,,,,,,,,,,,,,,,,,,"child",125001,"Variation","Color","High Viz Yellow",,,,,,,,,,,,,,,,,,,,,,,,,,,,,,,,,,,,,,,,,,,,,,,,,,,,,,,,,,,,,,,,,,,,,,,,,,,,,,,,,,,,,,,,,,,,,,,,,,,,,,,,,,,,,,,,,,,,
125001.0284,31652148703,"UPC","Ogio Helios Stand Bag (Hot Pink)",,"Ogio",125001.0284,,,,,,,"Ogio",139.88,"USD","New",,1,160,139.99,,,,,,,"A_GEN_NOTAX",,,,,,,,,,,,"golf-carry-bags","golf",,,,,"adults","men","seniors",,,,,,,,,,,"stand bag",,,,,,,,,,,,,,,,,,,,"child",125001,"Variation","Color","Hot Pink",,,,,,,,,,,,,,,,,,,,,,,,,,,,,,,,,,,,,,,,,,,,,,,,,,,,,,,,,,,,,,,,,,,,,,,,,,,,,,,,,,,,,,,,,,,,,,,,,,,,,,,,,,,,,,,,,,,,
125001.32,31652148710,"UPC","Ogio Helios Stand Bag (Lime)",,"Ogio",125001.32,,,,,,,"Ogio",139.88,"USD","New",,1,160,139.99,,,,,,,"A_GEN_NOTAX",,,,,,,,,,,,"golf-carry-bags","golf",,,,,"adults","men","seniors",,,,,,,,,,,"stand bag",,,,,,,,,,,,,,,,,,,,"child",125001,"Variation","Color","Lime",,,,,,,,,,,,,,,,,,,,,,,,,,,,,,,,,,,,,,,,,,,,,,,,,,,,,,,,,,,,,,,,,,,,,,,,,,,,,,,,,,,,,,,,,,,,,,,,,,,,,,,,,,,,,,,,,,,,
125001.04,31652148727,"UPC","Ogio Helios Stand Bag (Navy)",,"Ogio",125001.04,,,,,,,"Ogio",129.99,"USD","New",,5,160,139.99,,,,3,,,"A_GEN_NOTAX",,,,,,,,,,,,"golf-carry-bags","golf",,,,,"adults","men","seniors",,,,,,,,,,,"stand bag",,,,,,,,,,,,,,,,,,,,"child",125001,"Variation","Color","Navy",,,,,,,,,,,,,,,,,,,,,,,,,,,,,,,,,,,,,,,,,,,,,,,,,,,,,,,,,,,,,,,,,,,,,,,,,,,,,,,,,,,,,,,,,,,,,,,,,,,,,,,,,,,,,,,,,,,,
125001.02,31652148734,"UPC","Ogio Helios Stand Bag (Red)",,"Ogio",125001.02,,,,,,,"Ogio",129.88,"USD","New",,5,160,139.99,,,,,,,"A_GEN_NOTAX",,,,,,,,,,,,"golf-carry-bags","golf",,,,,"adults","men","seniors",,,,,,,,,,,"stand bag",,,,,,,,,,,,,,,,,,,,"child",125001,"Variation","Color","Red",,,,,,,,,,,,,,,,,,,,,,,,,,,,,,,,,,,,,,,,,,,,,,,,,,,,,,,,,,,,,,,,,,,,,,,,,,,,,,,,,,,,,,,,,,,,,,,,,,,,,,,,,,,,,,,,,,,,
125006,,,"Ogio Wire Stand Bag",,"Ogio",,"7"" Woode top with full-length club dividers","Five zippered pockets, fleece lined valuables pocket, walking accessible water bottler holster","Triple Triangle lightweight shoulder strap system","Glove/putter velcro attachment strip","Custom molded slim handle, integrated trunk handle",,"Ogio",,,"New",,,,,,,,,,,"A_GEN_NOTAX",,,,,,,,,,,,"golf-carry-bags","golf",,,,,"adults","men","seniors",,,,,,,,,,,,,,,,,,,,,,,,,,,,,,,"Parent",,,"Color",,,,,,,,,,,,,,,,,,,,,,,,,,,,,,,,,,,,,,,,,,,,,,,,,,,,,,,,,,,,,,,,,,,,,,,,,,,,,,,,,,,,,,,,,,,,,,,,,,,,,,,,,,,,,,,,,,,,,
125006.46,31652150300,"UPC","Ogio Wire Stand Bag (Grangler)",,"Ogio",125006.46,,,,,,,"Ogio",129.99,"USD","New",,5,150,129.99,,,,3,,,"A_GEN_NOTAX",,,,,,,,,,,,"golf-carry-bags","golf",,,,,"adults","men","seniors",,,,,,,,,,,"stand bag",,,,,,,,,,,,,,,,,,,,"child",125006,"Variation","Color","Grangler",,,,,,,,,,,,,,,,,,,,,,,,,,,,,,,,,,,,,,,,,,,,,,,,,,,,,,,,,,,,,,,,,,,,,,,,,,,,,,,,,,,,,,,,,,,,,,,,,,,,,,,,,,,,,,,,,,,,
125006.668,31652150287,"UPC","Ogio Wire Stand Bag (Griddle/Red)",,"Ogio",125006.668,,,,,,,"Ogio",129.99,"USD","New",,5,150,129.99,,,,3,,,"A_GEN_NOTAX",,,,,,,,,,,,"golf-carry-bags","golf",,,,,"adults","men","seniors",,,,,,,,,,,"stand bag",,,,,,,,,,,,,,,,,,,,"child",125006,"Variation","Color","Griddle/Red",,,,,,,,,,,,,,,,,,,,,,,,,,,,,,,,,,,,,,,,,,,,,,,,,,,,,,,,,,,,,,,,,,,,,,,,,,,,,,,,,,,,,,,,,,,,,,,,,,,,,,,,,,,,,,,,,,,,
125006.637,31652150294,"UPC","Ogio Wire Stand Bag (Prizmata/Black)",,"Ogio",125006.637,,,,,,,"Ogio",129.99,"USD","New",,5,150,129.99,,,,3,,,"A_GEN_NOTAX",,,,,,,,,,,,"golf-carry-bags","golf",,,,,"adults","men","seniors",,,,,,,,,,,"stand bag",,,,,,,,,,,,,,,,,,,,"child",125006,"Variation","Color","Prizmata Black",,,,,,,,,,,,,,,,,,,,,,,,,,,,,,,,,,,,,,,,,,,,,,,,,,,,,,,,,,,,,,,,,,,,,,,,,,,,,,,,,,,,,,,,,,,,,,,,,,,,,,,,,,,,,,,,,,,,
125006.36,31652150270,"UPC","Ogio Wire Stand Bag (Stealth)",,"Ogio",125006.36,,,,,,,"Ogio",129.99,"USD","New",,5,150,129.99,,,,3,,,"A_GEN_NOTAX",,,,,,,,,,,,"golf-carry-bags","golf",,,,,"adults","men","seniors",,,,,,,,,,,"stand bag",,,,,,,,,,,,,,,,,,,,"child",125006,"Variation","Color","Stealth",,,,,,,,,,,,,,,,,,,,,,,,,,,,,,,,,,,,,,,,,,,,,,,,,,,,,,,,,,,,,,,,,,,,,,,,,,,,,,,,,,,,,,,,,,,,,,,,,,,,,,,,,,,,,,,,,,,,
109015,,,"Ogio Diva Stand Bag",,"Ogio",,"9"" Woode top version 4.0 with integrated trunk handle and full-length club dividers","Removable fleece lined valuables tote, walking-accessible water bottle holster, internal cell phone pocket, easy access scorecard pocket, insulated hydration pocket","Crossbow 3-point shoulder strap system","Glove/putter cover velcro attachment strip, umbrella containment system","Lift Grip integrated trunk handle",,"Ogio",,,"New",,,,,,,,,,,"A_GEN_NOTAX",,,,,,,,,,,,"golf-carry-bags","golf",,,,,"adults","women","seniors",,,,,,,,,,,,,,,,,,,,,,,,,,,,,,,"Parent",,,"Color",,,,,,,,,,,,,,,,,,,,,,,,,,,,,,,,,,,,,,,,,,,,,,,,,,,,,,,,,,,,,,,,,,,,,,,,,,,,,,,,,,,,,,,,,,,,,,,,,,,,,,,,,,,,,,,,,,,,,
109015.656,31652149045,"UPC","Ogio Diva Stand Bag (Houndstooth)",,"Ogio",109015.656,,,,,,,"Ogio",159.99,"USD","New",,1,180,159.99,,,,3,,,"A_GEN_NOTAX",,,,,,,,,,,,"golf-carry-bags","golf",,,,,"adults","women","seniors",,,,,,,,,,,"stand bag",,,,,,,,,,,,,,,,,,,,"child",109015,"Variation","Color","Houndstooth",,,,,,,,,,,,,,,,,,,,,,,,,,,,,,,,,,,,,,,,,,,,,,,,,,,,,,,,,,,,,,,,,,,,,,,,,,,,,,,,,,,,,,,,,,,,,,,,,,,,,,,,,,,,,,,,,,,,
109015.089,31652147768,"UPC","Ogio Diva Stand Bag (Olive Berries)",,"Ogio",109015.089,,,,,,,"Ogio",159.99,"USD","New",,5,180,159.99,,,,3,,,"A_GEN_NOTAX",,,,,,,,,,,,"golf-carry-bags","golf",,,,,"adults","women","seniors",,,,,,,,,,,"stand bag",,,,,,,,,,,,,,,,,,,,"child",109015,"Variation","Color","Olive Berries",,,,,,,,,,,,,,,,,,,,,,,,,,,,,,,,,,,,,,,,,,,,,,,,,,,,,,,,,,,,,,,,,,,,,,,,,,,,,,,,,,,,,,,,,,,,,,,,,,,,,,,,,,,,,,,,,,,,
109016,,,"Ogio Featherlite Stand Bag",,"Ogio",,"9"" WoodeLite top with full-length club dividers","Fleece lined valuables pocket, walking accessible water bottle holster","Crossbow 3-point shoulder strap system","Elastic oversized towel loop, umbrella containment system","Lift Grip integrated trunk handle",,"Ogio",,,"New",,,,,,,,,,,"A_GEN_NOTAX",,,,,,,,,,,,"golf-carry-bags","golf",,,,,"adults","women","seniors",,,,,,,,,,,,,,,,,,,,,,,,,,,,,,,"Parent",,,"Color",,,,,,,,,,,,,,,,,,,,,,,,,,,,,,,,,,,,,,,,,,,,,,,,,,,,,,,,,,,,,,,,,,,,,,,,,,,,,,,,,,,,,,,,,,,,,,,,,,,,,,,,,,,,,,,,,,,,,
109016.353,31652149038,"UPC","Ogio Featherlite Stand Bag (Dusk Plaid)",,"Ogio",109016.353,,,,,,,"Ogio",127.88,"USD","New",,5,145,129.99,,,,,,,"A_GEN_NOTAX",,,,,,,,,,,,"golf-carry-bags","golf",,,,,"adults","women","seniors",,,,,,,,,,,"stand bag",,,,,,,,,,,,,,,,,,,,"child",109016,"Variation","Color","Dusk Plaid",,,,,,,,,,,,,,,,,,,,,,,,,,,,,,,,,,,,,,,,,,,,,,,,,,,,,,,,,,,,,,,,,,,,,,,,,,,,,,,,,,,,,,,,,,,,,,,,,,,,,,,,,,,,,,,,,,,,
109016.302,31652148307,"UPC","Ogio Featherlite Stand Bag (Koi Pond)",,"Ogio",109016.302,,,,,,,"Ogio",129.99,"USD","New",,5,145,129.99,,,,3,,,"A_GEN_NOTAX",,,,,,,,,,,,"golf-carry-bags","golf",,,,,"adults","women","seniors",,,,,,,,,,,"stand bag",,,,,,,,,,,,,,,,,,,,"child",109016,"Variation","Color","Koi Pond",,,,,,,,,,,,,,,,,,,,,,,,,,,,,,,,,,,,,,,,,,,,,,,,,,,,,,,,,,,,,,,,,,,,,,,,,,,,,,,,,,,,,,,,,,,,,,,,,,,,,,,,,,,,,,,,,,,,
109022,,,"Ogio Shadow Cart Bag",,"Ogio",,"10"" Uniter 15 club top with individual full-length club dividers","Nine pockets (five zippered), ZBP (Zipperless Ball Pocket), internal ""Isolation Chamber"" wet/dry pocket, internal cell phone pocket, insulated zippered hydration pocket, easy access top scorecard and pencil sleeve pockets","TORQ Strap","Removable fleece lined valuables tote, umbrella containment system for pull carts","Lift Grip integrated trunk handle",,"Ogio",,,"New",,,,,,,,,,,"A_GEN_NOTAX",,,,,,,,,,,,"golf-carry-bags","golf",,,,,"adults","women","seniors",,,,,,,,,,,,,,,,,,,,,,,,,,,,,,,"Parent",,,"Color",,,,,,,,,,,,,,,,,,,,,,,,,,,,,,,,,,,,,,,,,,,,,,,,,,,,,,,,,,,,,,,,,,,,,,,,,,,,,,,,,,,,,,,,,,,,,,,,,,,,,,,,,,,,,,,,,,,,,
109022.353,31652147867,"UPC","Ogio Shadow Cart Bag (Dusk Plaid)",,"Ogio",109022.353,,,,,,,"Ogio",159.88,"USD","New",,1,195,169.99,,,,,,,"A_GEN_NOTAX",,,,,,,,,,,,"golf-cart-bags","golf",,,,,"adults","women","seniors",,,,,,,,,,,"stand bag",,,,,,,,,,,,,,,,,,,,"child",109022,"Variation","Color","Dusk Plaid",,,,,,,,,,,,,,,,,,,,,,,,,,,,,,,,,,,,,,,,,,,,,,,,,,,,,,,,,,,,,,,,,,,,,,,,,,,,,,,,,,,,,,,,,,,,,,,,,,,,,,,,,,,,,,,,,,,,
109023,,,"Ogio Vixen Cart Bag",,"Ogio",,"10"" Uniter 15 club top with individual full-length club dividers","Six pockets (Five zippered), fleece lined valuables pocket, easy access top scorecard and pencil sleeve pockets, shoulder strap stash pocket","New low-profile OGIO Ball Silo, umbrella containment system","Glove/putter cover velcro attachment strip","Lift Grip integrated trunk handle",,"Ogio",,,"New",,,,,,,,,,,"A_GEN_NOTAX",,,,,,,,,,,,"golf-carry-bags","golf",,,,,"adults","women","seniors",,,,,,,,,,,,,,,,,,,,,,,,,,,,,,,"Parent",,,"Color",,,,,,,,,,,,,,,,,,,,,,,,,,,,,,,,,,,,,,,,,,,,,,,,,,,,,,,,,,,,,,,,,,,,,,,,,,,,,,,,,,,,,,,,,,,,,,,,,,,,,,,,,,,,,,,,,,,,,
109023.656,31652149915,"UPC","Ogio Vixen Cart Bag (Houndstooth)",,"Ogio",109023.656,,,,,,,"Ogio",149.99,"USD","New",,1,170,149.99,,,,3,,,"A_GEN_NOTAX",,,,,,,,,,,,"golf-cart-bags","golf",,,,,"adults","women","seniors",,,,,,,,,,,"stand bag",,,,,,,,,,,,,,,,,,,,"child",109023,"Variation","Color","Houndstooth",,,,,,,,,,,,,,,,,,,,,,,,,,,,,,,,,,,,,,,,,,,,,,,,,,,,,,,,,,,,,,,,,,,,,,,,,,,,,,,,,,,,,,,,,,,,,,,,,,,,,,,,,,,,,,,,,,,,
109023.089,31652149922,"UPC","Ogio Vixen Cart Bag (Olive Berries)",,"Ogio",109023.089,,,,,,,"Ogio",149.88,"USD","New",,1,170,149.99,,,,,,,"A_GEN_NOTAX",,,,,,,,,,,,"golf-cart-bags","golf",,,,,"adults","women","seniors",,,,,,,,,,,"stand bag",,,,,,,,,,,,,,,,,,,,"child",109023,"Variation","Color","Olive Berries",,,,,,,,,,,,,,,,,,,,,,,,,,,,,,,,,,,,,,,,,,,,,,,,,,,,,,,,,,,,,,,,,,,,,,,,,,,,,,,,,,,,,,,,,,,,,,,,,,,,,,,,,,,,,,,,,,,,
108016,,,"Ogio Mammoth Travel Bag",,"Ogio",,,,,,,,"Ogio",,,"New",,,,,,,,,,,"A_GEN_NOTAX",,,,,,,,,,,,"golf-travel-covers","golf",,,,,"adults","men","seniors",,,,,,,,,,,,,,,,,,,,,,,,,,,,,,,"Parent",,,"Color",,,,,,,,,,,,,,,,,,,,,,,,,,,,,,,,,,,,,,,,,,,,,,,,,,,,,,,,,,,,,,,,,,,,,,,,,,,,,,,,,,,,,,,,,,,,,,,,,,,,,,,,,,,,,,,,,,,,,
108016.02,31652141155,"UPC","Ogio Mammoth Travel Bag (Red)",,"Ogio",108016.02,,,,,,,"Ogio",299.88,"USD","New",,1,320,279.99,,,,,,,"A_GEN_NOTAX",,,,,,,,,,,,"golf-travel-covers","golf",,,,,"adults","men","seniors",,,,,,,,,,,,,,,,,,,,,,,,,,,,,,,"child",108016,"Variation","Color","Red",,,,,,,,,,,,,,,,,,,,,,,,,,,,,,,,,,,,,,,,,,,,,,,,,,,,,,,,,,,,,,,,,,,,,,,,,,,,,,,,,,,,,,,,,,,,,,,,,,,,,,,,,,,,,,,,,,,,
127002,,,"Ogio Straight Jacket Travel Bag",,"Ogio",,,,,,,,"Ogio",,,"New",,,,,,,,,,,"A_GEN_NOTAX",,,,,,,,,,,,"golf-travel-covers","golf",,,,,"adults","men","seniors",,,,,,,,,,,,,,,,,,,,,,,,,,,,,,,"Parent",,,"Color",,,,,,,,,,,,,,,,,,,,,,,,,,,,,,,,,,,,,,,,,,,,,,,,,,,,,,,,,,,,,,,,,,,,,,,,,,,,,,,,,,,,,,,,,,,,,,,,,,,,,,,,,,,,,,,,,,,,,
127002.36,31652150409,"UPC","Ogio Straight Jacket Travel Bag (Stealth)",,"Ogio",127002.36,,,,,,,"Ogio",119.99,"USD","New",,5,140,119.99,,,,3,,,"A_GEN_NOTAX",,,,,,,,,,,,"golf-travel-covers","golf",,,,,"adults","men","seniors",,,,,,,,,,,,,,,,,,,,,,,,,,,,,,,"child",127002,"Variation","Color","Stealth",,,,,,,,,,,,,,,,,,,,,,,,,,,,,,,,,,,,,,,,,,,,,,,,,,,,,,,,,,,,,,,,,,,,,,,,,,,,,,,,,,,,,,,,,,,,,,,,,,,,,,,,,,,,,,,,,,,,
,,,,,,,,,,,,,,,,,,,,,,,,,,,,,,,,,,,,,,,,,,,,,,,,,,,,,,,,,,,,,,,,,,,,,,,,,,,,,,,,,,,,,,,,,,,,,,,,,,,,,,,,,,,,,,,,,,,,,,,,,,,,,,,,,,,,,,,,,,,,,,,,,,,,,,,,,,,,,,,,,,,,,,,,,,,,,,,,,,,,,,,,,,,,,,,,,,,,,,
110140,,,"Ogio Golf Headcover Set of 3","Ogio Headcover Set: 1 Driver (D), 1 Fairway (F), 1 Hybrid (H)","Ogio",,"D: Driver headcover can hold up to size 460cc","F: For a fairway wood or an utility/hybrid","H: for an utility/Hybrid or another fairway wood",,,,"Ogio",,,"New",,,,,,,,,,,"A_GEN_NOTAX",,,,,,,,,,,,"golf-club-head-covers","golf",,,,,"adults","men","seniors",,,,,,,,,,,,,,,,,,,,,,,,,,,,,,,"Parent",,,"Color",,,,,,,,,,,,,,,,,,,,,,,,,,,,,,,,,,,,,,,,,,,,,,,,,,,,,,,,,,,,,,,,,,,,,,,,,,,,,,,,,,,,,,,,,,,,,,,,,,,,,,,,,,,,,,,,,,,,,
110140.02,31652142817,"UPC","Ogio Golf Headcover Set of 3 (Red)",,"Ogio",110140.02,,,,,,,"Ogio",39.88,"USD","New",,5,40,39.99,,,,,,,"A_GEN_NOTAX",,,,,,,,,,,,"golf-club-head-covers","golf",,,,,"adults","men","seniors",,,,,,,,,,,,,,,,,,,,,,,,,,,,,,,"child",110140,"Variation","Color","Red",,,,,,,,,,,,,,,,,,,,,,,,,,,,,,,,,,,,,,,,,,,,,,,,,,,,,,,,,,,,,,,,,,,,,,,,,,,,,,,,,,,,,,,,,,,,,,,,,,,,,,,,,,,,,,,,,,,,
110140.03,31652142800,"UPC","Ogio Golf Headcover Set of 3 (Black)",,"Ogio",110140.03,,,,,,,"Ogio",39.88,"USD","New",,4,40,39.99,,,,,,,"A_GEN_NOTAX",,,,,,,,,,,,"golf-club-head-covers","golf",,,,,"adults","men","seniors",,,,,,,,,,,,,,,,,,,,,,,,,,,,,,,"child",110140,"Variation","Color","Black",,,,,,,,,,,,,,,,,,,,,,,,,,,,,,,,,,,,,,,,,,,,,,,,,,,,,,,,,,,,,,,,,,,,,,,,,,,,,,,,,,,,,,,,,,,,,,,,,,,,,,,,,,,,,,,,,,,,
110140.033,31652142831,"UPC","Ogio Golf Headcover Set of 3 (Black/White)",,"Ogio",110140.033,,,,,,,"Ogio",39.88,"USD","New",,4,40,39.99,,,,,,,"A_GEN_NOTAX",,,,,,,,,,,,"golf-club-head-covers","golf",,,,,"adults","men","seniors",,,,,,,,,,,,,,,,,,,,,,,,,,,,,,,"child",110140,"Variation","Color","Black/White",,,,,,,,,,,,,,,,,,,,,,,,,,,,,,,,,,,,,,,,,,,,,,,,,,,,,,,,,,,,,,,,,,,,,,,,,,,,,,,,,,,,,,,,,,,,,,,,,,,,,,,,,,,,,,,,,,,,
110140.04,31652142824,"UPC","Ogio Golf Headcover Set of 3 (Navy)",,"Ogio",110140.04,,,,,,,"Ogio",39.88,"USD","New",,4,40,39.99,,,,,,,"A_GEN_NOTAX",,,,,,,,,,,,"golf-club-head-covers","golf",,,,,"adults","men","seniors",,,,,,,,,,,,,,,,,,,,,,,,,,,,,,,"child",110140,"Variation","Color","Navy",,,,,,,,,,,,,,,,,,,,,,,,,,,,,,,,,,,,,,,,,,,,,,,,,,,,,,,,,,,,,,,,,,,,,,,,,,,,,,,,,,,,,,,,,,,,,,,,,,,,,,,,,,,,,,,,,,,,
,,,,,,,,,,,,,,,,,,,,,,,,,,,,,,,,,,,,,,,,,,,,,,,,,,,,,,,,,,,,,,,,,,,,,,,,,,,,,,,,,,,,,,,,,,,,,,,,,,,,,,,,,,,,,,,,,,,,,,,,,,,,,,,,,,,,,,,,,,,,,,,,,,,,,,,,,,,,,,,,,,,,,,,,,,,,,,,,,,,,,,,,,,,,,,,,,,,,,,
108011.2711,31652123052,"UPC","Ogio Nexos Stand Bag (Sand/Navy)",,"Ogio",108011.2711,,,,,,,"Ogio",199.88,"USD","New",,2,,,,,,,,,"A_GEN_NOTAX",,,,,,,,,,,,"golf-carry-bags","golf",,,,,"adults","men","seniors",,,,,,,,,,,,,,,,,,,,,,,,,,,,,,,,,,,"Sand/Navy",,,,,,,,,,,,,,,,,,,,,,,,,,,,,,,,,,,,,,,,,,,,,,,,,,,,,,,,,,,,,,,,,,,,,,,,,,,,,,,,,,,,,,,,,,,,,,,,,,,,,,,,,,,,,,,,,,,,
712504.044,31652123250,"UPC","Ogio Vaporlite Stand Bag (Navy/White)",,"Ogio",712504.044,,,,,,,"Ogio",124.88,"USD","New",,1,,,,,,,,,"A_GEN_NOTAX",,,,,,,,,,,,"golf-carry-bags","golf",,,,,"adults","men","seniors",,,,,,,,,,,,,,,,,,,,,,,,,,,,,,,,,,,"Navy/White",,,,,,,,,,,,,,,,,,,,,,,,,,,,,,,,,,,,,,,,,,,,,,,,,,,,,,,,,,,,,,,,,,,,,,,,,,,,,,,,,,,,,,,,,,,,,,,,,,,,,,,,,,,,,,,,,,,,
,,,,,,,,,,,,,,,,,,,,,,,,,,,,,,,,,,,,,,,,,,,,,,,,,,,,,,,,,,,,,,,,,,,,,,,,,,,,,,,,,,,,,,,,,,,,,,,,,,,,,,,,,,,,,,,,,,,,,,,,,,,,,,,,,,,,,,,,,,,,,,,,,,,,,,,,,,,,,,,,,,,,,,,,,,,,,,,,,,,,,,,,,,,,,,,,,,,,,,
108049,,,"Ogio Golf Umbrella",,"Ogio",,,,,,,,"Ogio",,,,,,,,,,,,,,"A_GEN_NOTAX",,,,,,,,,,,,"golf-umbrellas","golf",,,,,"adults","men","seniors",,,,,,,,,,,,,,,,,,,,,,,,,,,,,,,"Parent",,,"Color",,,,,,,,,,,,,,,,,,,,,,,,,,,,,,,,,,,,,,,,,,,,,,,,,,,,,,,,,,,,,,,,,,,,,,,,,,,,,,,,,,,,,,,,,,,,,,,,,,,,,,,,,,,,,,,,,,,,,
108049.112,31652142145,"UPC","Ogio Golf Umbrella (Blue Sky)",,"Ogio",108049.112,,,,,,,"Ogio",49.99,"USD","New",,0,50,49.99,,,,,,,"A_GEN_NOTAX",,,,,,,,,,,,"golf-umbrellas","golf",,,,,"adults","men","seniors",,,,,,,,,,,,,,,,,,,,,,,,,,,,,,,"child",108049,"Variation","Color","Blue Sky",,,,,,,,,,,,,,,,,,,,,,,,,,,,,,,,,,,,,,,,,,,,,,,,,,,,,,,,,,,,,,,,,,,,,,,,,,,,,,,,,,,,,,,,,,,,,,,,,,,,,,,,,,,,,,,,,,,,
108049.222,31652150195,"UPC","Ogio Golf Umbrella (Onslaught Steel)",,"Ogio",108049.222,,,,,,,"Ogio",39.99,"USD","New",,0,40,39.99,,,,,,,"A_GEN_NOTAX",,,,,,,,,,,,"golf-umbrellas","golf",,,,,"adults","men","seniors",,,,,,,,,,,,,,,,,,,,,,,,,,,,,,,"child",108049,"Variation","Color","Onslaught Steel",,,,,,,,,,,,,,,,,,,,,,,,,,,,,,,,,,,,,,,,,,,,,,,,,,,,,,,,,,,,,,,,,,,,,,,,,,,,,,,,,,,,,,,,,,,,,,,,,,,,,,,,,,,,,,,,,,,,
108049.03,31652141230,"UPC","Ogio Golf Umbrella (Black)",,"Ogio",108049.03,,,,,,,"Ogio",39.99,"USD","New",,1,40,39.99,,,,,,,"A_GEN_NOTAX",,,,,,,,,,,,"golf-umbrellas","golf",,,,,"adults","men","seniors",,,,,,,,,,,,,,,,,,,,,,,,,,,,,,,"child",108049,"Variation","Color","Black",,,,,,,,,,,,,,,,,,,,,,,,,,,,,,,,,,,,,,,,,,,,,,,,,,,,,,,,,,,,,,,,,,,,,,,,,,,,,,,,,,,,,,,,,,,,,,,,,,,,,,,,,,,,,,,,,,,,
,,,,,,,,,,,,,,,,,,,,,,,,,,,,,,,,,,,,,,,,,,,,,,,,,,,,,,,,,,,,,,,,,,,,,,,,,,,,,,,,,,,,,,,,,,,,,,,,,,,,,,,,,,,,,,,,,,,,,,,,,,,,,,,,,,,,,,,,,,,,,,,,,,,,,,,,,,,,,,,,,,,,,,,,,,,,,,,,,,,,,,,,,,,,,,,,,,,,,,
712101.668,31652150188,"UPC","Ogio Shoester Golf Bag (Griddle/Red)",,"Ogio",712101.668,,,,,,,"Ogio",24.99,"USD","New",,0,30,24.99,,,,,,,"A_GEN_NOTAX",,,,,,,,,,,,"golf-shoe-bags","golf",,,,,"adults","men","seniors",,,,,,,,,,,,,,,,,,,,,,,,,,,,,,,,,,,"Griddle/Red",,,,,,,,,,,,,,,,,,,,,,,,,,,,,,,,,,,,,,,,,,,,,,,,,,,,,,,,,,,,,,,,,,,,,,,,,,,,,,,,,,,,,,,,,,,,,,,,,,,,,,,,,,,,,,,,,,,,
712101.36,31652141063,"UPC","Ogio Shoester Golf Bag (Stealth)",,"Ogio",712101.36,,,,,,,"Ogio",24.99,"USD","New",,0,30,24.99,,,,,,,"A_GEN_NOTAX",,,,,,,,,,,,"golf-shoe-bags","golf",,,,,"adults","men","seniors",,,,,,,,,,,,,,,,,,,,,,,,,,,,,,,,,,,"Stealth",,,,,,,,,,,,,,,,,,,,,,,,,,,,,,,,,,,,,,,,,,,,,,,,,,,,,,,,,,,,,,,,,,,,,,,,,,,,,,,,,,,,,,,,,,,,,,,,,,,,,,,,,,,,,,,,,,,,
,,,,,,,,,,,,,,,,,,,,,,,,,,,,,,,,,,,,,,,,,,,,,,,,,,,,,,,,,,,,,,,,,,,,,,,,,,,,,,,,,,,,,,,,,,,,,,,,,,,,,,,,,,,,,,,,,,,,,,,,,,,,,,,,,,,,,,,,,,,,,,,,,,,,,,,,,,,,,,,,,,,,,,,,,,,,,,,,,,,,,,,,,,,,,,,,,,,,,,
712103.03,31652116832,"UPC","Ogio Golf Towel (Black)",,"Ogio",712103.03,,,,,,,"Ogio",12.99,"USD","New",,0,15,12.99,,,,,,,"A_GEN_NOTAX",,,,,,,,,,,,"golf-towels","golf",,,,,"adults","men","seniors",,,,,,,,,,,,,,,,,,,,,,,,,,,,,,,,,,,"Black",,,,,,,,,,,,,,,,,,,,,,,,,,,,,,,,,,,,,,,,,,,,,,,,,,,,,,,,,,,,,,,,,,,,,,,,,,,,,,,,,,,,,,,,,,,,,,,,,,,,,,,,,,,,,,,,,,,,
